<?xml version='1.0' ?>
<fabmetheus importRadius='1.2345'>
	<dictionary importCoarseness='=setting.getImportCoarseness()'/>
	<dictionary importRadius='=setting.getImportRadius()'/>
	<dictionary interiorOverhangAngle='=setting.getInteriorOverhangAngle()'/>
	<dictionary interiorOverhangRadians='=setting.getInteriorOverhangRadians()'/>
	<dictionary layerThickness='=setting.getLayerThickness()'/>
	<dictionary overhangAngle='=setting.getOverhangAngle()'/>
	<dictionary overhangRadians='=setting.getOverhangRadians()'/>
	<dictionary overhangSpan='=setting.getOverhangSpan()' overhangSpan='=2 + 3'/>
	<dictionary precision='=setting.getPrecision()'/>
	<dictionary sheetThickness='=setting.getSheetThickness()'/>
</fabmetheus>
